Job Title,Job Link
Istp Annonce L’Inscription Pour Le Concours De La Saison 2024/2025,https://www.je-recrute.com/istp-annonce-linscription-pour-le-concours-de-la-saison-2024-2025/
Rejoignez Safran : Des Opportunités De Carrière Exceptionnelles Vous Attendent,https://www.je-recrute.com/rejoignez-safran-des-opportunites-de-carriere-exceptionnelles-vous-attendent/
La (Dgsn) – 2024 Organise Un Concours Pour Recruter (46) Commissaires De Police Principal,https://www.je-recrute.com/la-dgsn-2024-organise-un-concours-pour-recruter-46-commissaires-de-police-principal/
Concours 2024 : 22 Postes À Saisir À La Préfecture De Tanger-Assilah,https://www.je-recrute.com/concours-2024-22-postes-a-saisir-a-la-prefecture-de-tanger-assilah/
Journées Québec Maroc – Inscription Pour L’Année 2024,https://www.je-recrute.com/journees-quebec-maroc-inscription-pour-lannee-2024/
Colorado Offre (18) Opportunités D’Emploi Dans Divers Domaines,https://www.je-recrute.com/colorado-offre-18-opportunites-demploi-dans-divers-domaines/
Jtekt Recrute Des Techniciens De Maintenance (Contrat Cdi),https://www.je-recrute.com/jtekt-recrute-des-techniciens-de-maintenance-contrat-cdi/
Ofppt Nouveau Concours 2024 : Rejoignez L’Office Avec 177 Postes À Pourvoir,https://www.je-recrute.com/ofppt-nouveau-concours-2024-rejoignez-loffice-avec-177-postes-a-pourvoir/
Rejoignez L’Aventure Auto Hall Maroc : 17 Opportunités De Carrière À Saisir !,https://www.je-recrute.com/rejoignez-laventure-auto-hall-maroc-17-opportunites-de-carriere-a-saisir/
Anapec 2025 : Plus De 3 500 Offres D’Emploi À Saisir Dès Maintenant !,https://www.je-recrute.com/anapec-2025-plus-de-3-500-offres-demploi-a-saisir-des-maintenant/
Al Barid Bank Recrute En 2025 : Speed Hiring Pour Conseillers Clientèle Et Guichetiers Partout Au Maroc !,https://www.je-recrute.com/al-barid-bank-recrute-en-2025-speed-hiring-pour-conseillers-clientele-et-guichetiers-partout-au-maroc/
Découvrez Les Offres D’Emploi Inédites À L’Um6P : Donnez Un Nouvel Élan À Votre Carrière !,https://www.je-recrute.com/decouvrez-les-offres-demploi-inedites-a-lum6p-donnez-un-nouvel-elan-a-votre-carriere/
Segula Technologies : 43 Jobs À Saisir Maintenant !,https://www.je-recrute.com/segula-technologies-43-jobs-a-saisir-maintenant/
Rejoignez Le Groupe Ocp : Postulez Dès Maintenant Avec Votre Candidature Spontanée,https://www.je-recrute.com/rejoignez-le-groupe-ocp-postulez-des-maintenant-avec-votre-candidature-spontanee/
Um6P Lance Une Vaste Campagne De Recrutement (+90 Opportunités),https://www.je-recrute.com/um6p-lance-une-vaste-campagne-de-recrutement-90-opportunites/
Le Ministère De La Santé Lance Un Concours (380 Postes) – Région Marrakech – Safi 2024,https://www.je-recrute.com/le-ministere-de-la-sante-lance-un-concours-380-postes-region-marrakech-safi-2024/
Carrefour Maroc Recrute : 31 Postes Disponibles À Saisir !,https://www.je-recrute.com/carrefour-maroc-recrute-31-postes-disponibles-a-saisir/
Concours Ifmeree 2024/2025,https://www.je-recrute.com/concours-ifmeree-2024-2025/
Axa Recrute : 100 Opportunités D’Emploi À Saisir Dès Maintenant,https://www.je-recrute.com/axa-recrute-100-opportunites-demploi-a-saisir-des-maintenant/
Recrutement 2025 : Opportunités D’Emploi Variées Avec Des Salaires Entre 8000 Et 25.000 Dh,https://www.je-recrute.com/recrutement-2025-opportunites-demploi-variees-avec-des-salaires-entre-8000-et-25-000-dh/
Sntl Organise Un Concours De Recrutement (12 Postes) Au Titre De L’Année 2024,https://www.je-recrute.com/sntl-organise-un-concours-de-recrutement-12-postes-au-titre-de-lannee-2024/
Rejoignez Le Groupe Cdg : Découvrez Les Offres D’Emploi Disponibles En 2025 !,https://www.je-recrute.com/rejoignez-le-groupe-cdg-decouvrez-les-offres-demploi-disponibles-en-2025/
Concours Onssa 2024 : 150 Offres D’Emploi À Saisir Au Maroc,https://www.je-recrute.com/concours-onssa-2024-150-offres-demploi-a-saisir-au-maroc/
Rejoignez Attijariwafa Bank : Des Opportunités D’Emploi À Ne Pas Manquer,https://www.je-recrute.com/rejoignez-attijariwafa-bank-des-opportunites-demploi-a-ne-pas-manquer/
Concours 2024 De La Préfecture D’Oujda-Angad : 70 Opportunités D’Emploi À Saisir,https://www.je-recrute.com/concours-2024-de-la-prefecture-doujda-angad-70-opportunites-demploi-a-saisir/
Segula Technologies Recrute Des Assistantes Commerciales,https://www.je-recrute.com/segula-technologies-recrute-des-assistantes-commerciales/
Découvrez 24 Opportunités D’Emploi Chez Crédit Du Maroc – Recrutement En Cours,https://www.je-recrute.com/decouvrez-24-opportunites-demploi-chez-credit-du-maroc-recrutement-en-cours/
Deloitte Maroc Lance Le Recrutement De (20) Talents Dans Diverses Spécialités,https://www.je-recrute.com/deloitte-maroc-lance-le-recrutement-de-20-talents-dans-diverses-specialites/
Vinci Energies Recrute : Découvrez Des Opportunités D’Emploi Passionnantes À Saisir !,https://www.je-recrute.com/vinci-energies-recrute-decouvrez-des-opportunites-demploi-passionnantes-a-saisir/
Concours Acaps 2025 : 3 Postes À Saisir Pour Rejoindre Une Institution De Référence,https://www.je-recrute.com/concours-acaps-2025-3-postes-a-saisir-pour-rejoindre-une-institution-de-reference/
Concours 2024 – L’Inpplc Offre (18) Opportunités D’Emploi,https://www.je-recrute.com/concours-2024-linpplc-offre-18-opportunites-demploi/
Sebn Ma Recrute Des Ingénieurs Produit,https://www.je-recrute.com/sebn-ma-recrute-des-ingenieurs-produit/
Oncf 2024 : Recrutement De (25) Opérateurs Police Ferroviaire,https://www.je-recrute.com/oncf-2024-recrutement-de-25-operateurs-police-ferroviaire/
Découvrez Les Offres D’Emploi Incontournables Chez Vinci Énergie Maroc En 2025 !,https://www.je-recrute.com/decouvrez-les-offres-demploi-incontournables-chez-vinci-energie-maroc-en-2025/
Axa Services Maroc Recrute (+30) Profils Dans Plusieurs Spécialités,https://www.je-recrute.com/axa-services-maroc-recrute-30-profils-dans-plusieurs-specialites/
Lear Corporation Maroc Recrute : 12 Postes À Pourvoir Dans Plusieurs Spécialités,https://www.je-recrute.com/lear-corporation-maroc-recrute-12-postes-a-pourvoir-dans-plusieurs-specialites/
Plus De 200 Opportunités De Carrière À Saisir Chez Aeolon Technology En 2025,https://www.je-recrute.com/plus-de-200-opportunites-de-carriere-a-saisir-chez-aeolon-technology-en-2025/
Concours 2024 Du Conseil Régional De Casablanca-Settat – 21 Postes À Pourvoir !,https://www.je-recrute.com/concours-2024-du-conseil-regional-de-casablanca-settat-21-postes-a-pourvoir/
Emirates Annonce Six Dates De Recrutement Au Maroc – 2024,https://www.je-recrute.com/emirates-annonce-six-dates-de-recrutement-au-maroc-2024/
Attijariwafa Bank Recrute : +40 Postes À Pourvoir Dans Sa Nouvelle Campagne De Recrutement,https://www.je-recrute.com/attijariwafa-bank-recrute-40-postes-a-pourvoir-dans-sa-nouvelle-campagne-de-recrutement/
Anapec 2024 – (+ 1500) Offres D’Emploi Diversifiées,https://www.je-recrute.com/anapec-2024-1500-offres-demploi-diversifiees/
Rejoignez Segula Technologies : 50 Opportunités Dans Diverses Villes !,https://www.je-recrute.com/rejoignez-segula-technologies-50-opportunites-dans-diverses-villes/
La Centrale Automobile Chérifienne (Cac) Recrute 200 Profils,https://www.je-recrute.com/la-centrale-automobile-cherifienne-cac-recrute-200-profils/
Recrutement 2025 Au Groupe Cdg : Opportunités De Carrière À Saisir,https://www.je-recrute.com/recrutement-2025-au-groupe-cdg-opportunites-de-carriere-a-saisir/
Cih Bank Recrute 42 Postes : Trouvez Votre Opportunité De Carrière !,https://www.je-recrute.com/cih-bank-recrute-42-postes-trouvez-votre-opportunite-de-carriere/
Cgi Maroc Recrute : 53 Postes À Pourvoir Avec Salaires Alléchants,https://www.je-recrute.com/cgi-maroc-recrute-53-postes-a-pourvoir-avec-salaires-allechants/
(29) Opportunités De Carrière Chez Vinci Energie Maroc Dans Diverses Spécialités,https://www.je-recrute.com/29-opportunites-de-carriere-chez-vinci-energie-maroc-dans-diverses-specialites/
Orange Business Maroc Recrute : Plus De 10 Offres D’Emploi À Saisir Dès Maintenant !,https://www.je-recrute.com/orange-business-maroc-recrute-plus-de-10-offres-demploi-a-saisir-des-maintenant/
Cih Bank Recrute : 40 Opportunités De Carrière Dans Diverses Spécialités,https://www.je-recrute.com/cih-bank-recrute-40-opportunites-de-carriere-dans-diverses-specialites/
Le Ministère De La Santé Lance Un Concours (355 Postes) – Région Draa Tafilalet 2024,https://www.je-recrute.com/le-ministere-de-la-sante-lance-un-concours-355-postes-region-draa-tafilalet-2024/
Rejoignez Safran : 20 Opportunités De Carrière Exceptionnelles À Saisir !,https://www.je-recrute.com/rejoignez-safran-20-opportunites-de-carriere-exceptionnelles-a-saisir/
Cdg Capital Recrute : 10 Offres D’Emploi Pour Nouveaux Talents À Saisir !,https://www.je-recrute.com/cdg-capital-recrute-10-offres-demploi-pour-nouveaux-talents-a-saisir/
60 Offres D’Emploi Chez Jesa Ocp : Saisissez Votre Chance Dès Maintenant !,https://www.je-recrute.com/60-offres-demploi-chez-jesa-ocp-saisissez-votre-chance-des-maintenant/
Akdital Recrute : Découvrez 69 Offres D’Emploi À Saisir Maintenant,https://www.je-recrute.com/akdital-recrute-decouvrez-69-offres-demploi-a-saisir-maintenant/
Plus De 30 Postes À Pourvoir Chez Capgemini Engineering Maroc !,https://www.je-recrute.com/plus-de-30-postes-a-pourvoir-chez-capgemini-engineering-maroc/
Rejoignez Axa Services Maroc : (+40) Talents Recherchés Pour Bâtir L’Avenir,https://www.je-recrute.com/rejoignez-axa-services-maroc-40-talents-recherches-pour-batir-lavenir/
Safran Recrute : 30 Offres D’Emploi À Saisir Dès Maintenant,https://www.je-recrute.com/safran-recrute-30-offres-demploi-a-saisir-des-maintenant/
Segula Technologies Recrute : 24 Opportunités À Saisir Dans Plusieurs Domaines !,https://www.je-recrute.com/segula-technologies-recrute-24-opportunites-a-saisir-dans-plusieurs-domaines/
Concours De Recrutement Bank Al-Maghrib : Saisissez L’Opportunité Avec 12 Postes Disponibles !,https://www.je-recrute.com/concours-de-recrutement-bank-al-maghrib-saisissez-lopportunite-avec-12-postes-disponibles/
16 Opportunités De Carrière Exceptionnelles À L’Université Internationale De Rabat (Uir),https://www.je-recrute.com/16-opportunites-de-carriere-exceptionnelles-a-luniversite-internationale-de-rabat-uir/
Akdital Lance Le Recrutement De (+200) Profils Dans Diverses Spécialités,https://www.je-recrute.com/akdital-lance-le-recrutement-de-200-profils-dans-diverses-specialites/
Jesa Ocp Lance Le Recrutement De (+60) Talents Dans Diverses Spécialités,https://www.je-recrute.com/jesa-ocp-lance-le-recrutement-de-60-talents-dans-diverses-specialites/
Cgi Maroc Recrute À Rabat Et Casablanca : Découvrez Les Offres D’Emploi Disponibles !,https://www.je-recrute.com/cgi-maroc-recrute-a-rabat-et-casablanca-decouvrez-les-offres-demploi-disponibles/
Lesieur Cristal Offre Plusieurs Opportunité D’Emploi,https://www.je-recrute.com/lesieur-cristal-offre-plusieurs-opportunite-demploi/
Concours Ofppt 2024 : Saisissez L’Une Des 140 Opportunités D’Emploi À Saisir !,https://www.je-recrute.com/concours-ofppt-2024-saisissez-lune-des-140-opportunites-demploi-a-saisir/
Bmce Capital Recrute : 23 Opportunités De Carrière À Saisir,https://www.je-recrute.com/bmce-capital-recrute-23-opportunites-de-carriere-a-saisir/
Akdital Recrute : Découvrez Les Nouvelles Opportunités D’Emploi,https://www.je-recrute.com/akdital-recrute-decouvrez-les-nouvelles-opportunites-demploi/
Rejoignez Bank Al Maghrib En 2024 : 18 Postes À Pourvoir Via Un Nouveau Concours !,https://www.je-recrute.com/rejoignez-bank-al-maghrib-en-2024-18-postes-a-pourvoir-via-un-nouveau-concours/
Expleo Group Offres (+20) Opportunités Avec Des Salaires Attractifs,https://www.je-recrute.com/expleo-group-offres-20-opportunites-avec-des-salaires-attractifs/
Axa Maroc Recrute 30 Commerciaux En Assurance : Gagnez Jusqu’À 8000 Dhs !,https://www.je-recrute.com/axa-maroc-recrute-30-commerciaux-en-assurance-gagnez-jusqua-8000-dhs/
Opportunités D’Emploi À La Centrale Automobile Chérifienne (Cac),https://www.je-recrute.com/opportunites-demploi-a-la-centrale-automobile-cherifienne-cac/
Concours De Recrutement 2024 Du Ministère Des Affaires Étrangères : 135 Postes Disponibles,https://www.je-recrute.com/concours-de-recrutement-2024-du-ministere-des-affaires-etrangeres-135-postes-disponibles/
Segula Technologies Recrute (20) Talents Dans Diverses Spécialités,https://www.je-recrute.com/segula-technologies-recrute-20-talents-dans-diverses-specialites/
L’Ofppt 2024 – Nouveau Concours (34) Postes Disponibles,https://www.je-recrute.com/lofppt-2024-nouveau-concours-34-postes-disponibles/
Acaps Organise Un Concours Au Titre De L’Année 2024,https://www.je-recrute.com/acaps-organise-un-concours-au-titre-de-lannee-2024/
Rejoignez Jesa Ocp : 60 Opportunités De Carrières Dans Des Spécialités Variées,https://www.je-recrute.com/rejoignez-jesa-ocp-60-opportunites-de-carrieres-dans-des-specialites-variees/
Cih Bank Recrute : Saisissez Votre Chance Avec De Nombreux Postes Disponibles!,https://www.je-recrute.com/cih-bank-recrute-saisissez-votre-chance-avec-de-nombreux-postes-disponibles/
Dernière Chance Pour La Dv-Lottery 2025-2026 : Inscriptions Clôturant Dans 10 Jours !,https://www.je-recrute.com/derniere-chance-pour-la-dv-lottery-2025-2026-inscriptions-cloturant-dans-10-jours/
Orange Business Maroc Offre Plusieurs Opportunités Dans Divers Domaines,https://www.je-recrute.com/orange-business-maroc-offre-plusieurs-opportunites-dans-divers-domaines/
Société Générale Maroc Offre (+10) Postes Dans Diverses Spécialités,https://www.je-recrute.com/societe-generale-maroc-offre-10-postes-dans-diverses-specialites/
Concours Oncf 2024 : Rejoignez L’Équipe Avec 42 Postes À Pourvoir,https://www.je-recrute.com/concours-oncf-2024-rejoignez-lequipe-avec-42-postes-a-pourvoir/
Le Groupe Safran Recrute Des Ingénieurs Expérimentés,https://www.je-recrute.com/le-groupe-safran-recrute-des-ingenieurs-experimentes/
Le Groupe Akdital Lance Le Recrutement De (+190) Nouveaux Profils,https://www.je-recrute.com/le-groupe-akdital-lance-le-recrutement-de-190-nouveaux-profils/
Rejoignez Azura Group : Offres D’Emploi À Saisir !,https://www.je-recrute.com/rejoignez-azura-group-offres-demploi-a-saisir/
Concours 2024 Du Ministère De La Justice : Recrutement De 117 Rédacteurs Judiciaires,https://www.je-recrute.com/concours-2024-du-ministere-de-la-justice-recrutement-de-117-redacteurs-judiciaires/
Concours 2024 – Ministère De La Transition Énergétique Offre (38 Postes),https://www.je-recrute.com/concours-2024-ministere-de-la-transition-energetique-offre-38-postes/
Recrutement 2025 Chez Marsa Maroc : Donnez Un Nouvel Élan À Votre Carrière !,https://www.je-recrute.com/recrutement-2025-chez-marsa-maroc-donnez-un-nouvel-elan-a-votre-carriere/
Oncf 2025 : Caravane De Recrutement Des Techniciens Spécialisés,https://www.je-recrute.com/oncf-2025-caravane-de-recrutement-des-techniciens-specialises/
(19) Opportunités Offertes Par Groupe Psa Maroc Dans Plusieurs Spécialités,https://www.je-recrute.com/19-opportunites-offertes-par-groupe-psa-maroc-dans-plusieurs-specialites/
Société Générale Maroc Offre (17) Opportunités D’Emploi,https://www.je-recrute.com/societe-generale-maroc-offre-17-opportunites-demploi/
تاريخ تغيير الساعة الإضافية في المغرب 2025,https://www.je-recrute.com/%d8%aa%d8%a7%d8%b1%d9%8a%d8%ae-%d8%aa%d8%ba%d9%8a%d9%8a%d8%b1-%d8%a7%d9%84%d8%b3%d8%a7%d8%b9%d8%a9-%d8%a7%d9%84%d8%a5%d8%b6%d8%a7%d9%81%d9%8a%d8%a9-%d9%81%d9%8a-%d8%a7%d9%84%d9%85%d8%ba%d8%b1%d8%a8-20/
Inwi Offre Plusieurs Opportunités D’Emploi (68 Profils Recherchés),https://www.je-recrute.com/inwi-offre-plusieurs-opportunites-demploi-68-profils-recherches/
Procaneq Maroc Recrute Plusieurs Talents- Animateurs Hse,https://www.je-recrute.com/procaneq-maroc-recrute-plusieurs-talents-animateurs-hse/
Candidature Spontanée Au Groupe Ocp : Saisissez Des Opportunités Diversifiées,https://www.je-recrute.com/candidature-spontanee-au-groupe-ocp-saisissez-des-opportunites-diversifiees/
L’Ofppt Lance Un Concours De Recrutement (222 Postes) – 2024,https://www.je-recrute.com/lofppt-lance-un-concours-de-recrutement-222-postes-2024/
Axa Services Maroc Recrute : Saisissez Votre Opportunité De Carrière Dès Maintenant !,https://www.je-recrute.com/axa-services-maroc-recrute-saisissez-votre-opportunite-de-carriere-des-maintenant/
Rejoignez Crouzet À Casablanca : Offres D’Emploi Actuelles Et Opportunités Uniques !,https://www.je-recrute.com/rejoignez-crouzet-a-casablanca-offres-demploi-actuelles-et-opportunites-uniques/
Oncf 2025 : Rejoignez Les 170 Talents Recherchés Pour Transformer L’Avenir !,https://www.je-recrute.com/oncf-2025-rejoignez-les-170-talents-recherches-pour-transformer-lavenir/
Capgemini Engineering Recrute : 23 Nouveaux Postes À Pourvoir Dans Le Secteur De L’Ingénierie,https://www.je-recrute.com/capgemini-engineering-recrute-23-nouveaux-postes-a-pourvoir-dans-le-secteur-de-lingenierie/
Intelcia Lance Le Recrutement De (27) Talents Dans Diverses Spécialités,https://www.je-recrute.com/intelcia-lance-le-recrutement-de-27-talents-dans-diverses-specialites/
Découvrez 15 Offres D’Emploi Um6P Disponibles Dans Plusieurs Villes !,https://www.je-recrute.com/decouvrez-15-offres-demploi-um6p-disponibles-dans-plusieurs-villes/
Lydec Offre Des Opportunités D’Emploi Dans Plusieurs Domaines,https://www.je-recrute.com/lydec-offre-des-opportunites-demploi-dans-plusieurs-domaines/
Aeolon Technology Offre (+100) Opportunités D’Emploi Dans Diverses Spécialités,https://www.je-recrute.com/aeolon-technology-offre-100-opportunites-demploi-dans-diverses-specialites/
40 Postes À Saisir Chez Société Générale Maroc : Lancez Votre Carrière !,https://www.je-recrute.com/40-postes-a-saisir-chez-societe-generale-maroc-lancez-votre-carriere/
Concours Chu Hassan Ii : 148 Postes À Pourvoir – Saisissez Votre Opportunité De Carrière,https://www.je-recrute.com/concours-chu-hassan-ii-148-postes-a-pourvoir-saisissez-votre-opportunite-de-carriere/
Concours De Recrutement (30 Postes) Lancé Par L’Ofppt,https://www.je-recrute.com/concours-de-recrutement-30-postes-lance-par-lofppt/
50 Postes Disponibles : Jesa Ocp Recrute Dans De Multiples Domaines,https://www.je-recrute.com/50-postes-disponibles-jesa-ocp-recrute-dans-de-multiples-domaines/
Concours De Recrutement 2024 : Rejoignez Marsa Maroc Et Boostez Votre Carrière !,https://www.je-recrute.com/concours-de-recrutement-2024-rejoignez-marsa-maroc-et-boostez-votre-carriere/
Anapec 2024 – (+ 2000) Opportunités D’Emploi,https://www.je-recrute.com/anapec-2024-2000-opportunites-demploi/
Explorez 18 Carrières D’Avenir Au Sein D’Azura Group,https://www.je-recrute.com/explorez-18-carrieres-davenir-au-sein-dazura-group/
Découvrez 49 Opportunités D’Emploi Chez Safran Maroc Dans Des Spécialités Variées,https://www.je-recrute.com/decouvrez-49-opportunites-demploi-chez-safran-maroc-dans-des-specialites-variees/
Crédit Du Maroc Lance Le Recrutement De (10) Profils Dans Diverses Spécialités,https://www.je-recrute.com/credit-du-maroc-lance-le-recrutement-de-10-profils-dans-diverses-specialites/
Concours 2024 : 22 Postes À Pourvoir Au Conseil Supérieur Du Pouvoir Judiciaire !,https://www.je-recrute.com/concours-2024-22-postes-a-pourvoir-au-conseil-superieur-du-pouvoir-judiciaire/
Concours Pour Embaucher (+60) Candidats Chez Jacobs Engineering Sa (Jesa),https://www.je-recrute.com/concours-pour-embaucher-60-candidats-chez-jacobs-engineering-sa-jesa/
16 Opportunités D’Emploi Et De Stage Chez Danone Maroc : Lancez Votre Carrière,https://www.je-recrute.com/16-opportunites-demploi-et-de-stage-chez-danone-maroc-lancez-votre-carriere/
"Axa Maroc Offre (10) Opportunités D’Emploi Dans Les Villes De Rabat, Salé Et Kénitra",https://www.je-recrute.com/axa-maroc-offre-10-opportunites-demploi-dans-les-villes-de-rabat-sale-et-kenitra/
Concours 2024 : 55 Postes À Saisir Au Ministère De L’Enseignement Supérieur Du Maroc,https://www.je-recrute.com/concours-2024-55-postes-a-saisir-au-ministere-de-lenseignement-superieur-du-maroc/
Concours 2025 : 206 Postes À Pourvoir À La Présidence Du Ministère Public – Postulez Maintenant !,https://www.je-recrute.com/concours-2025-206-postes-a-pourvoir-a-la-presidence-du-ministere-public-postulez-maintenant/
Société Générale Maroc : 40 Opportunités D’Emploi Et De Stage À Saisir Dès Maintenant !,https://www.je-recrute.com/societe-generale-maroc-40-opportunites-demploi-et-de-stage-a-saisir-des-maintenant/
Rejoignez Bank Al Maghrib : Envoyez Votre Candidature Spontanée Dès Aujourd’Hui,https://www.je-recrute.com/rejoignez-bank-al-maghrib-envoyez-votre-candidature-spontanee-des-aujourdhui/
Capgemini Engineering Maroc Recrute : 25 Offres D’Emploi À Ne Pas Manquer !,https://www.je-recrute.com/capgemini-engineering-maroc-recrute-25-offres-demploi-a-ne-pas-manquer/
Campagne De Recrutement (133) Postes Chez Deloitte Maroc,https://www.je-recrute.com/campagne-de-recrutement-133-postes-chez-deloitte-maroc/
Concours Sntl 2025 : 08 Postes À Pourvoir – Postulez Dès Maintenant !,https://www.je-recrute.com/concours-sntl-2025-08-postes-a-pourvoir-postulez-des-maintenant/
Bmce Capital Recrute : Découvrez 24 Postes À Pourvoir Immédiatement !,https://www.je-recrute.com/bmce-capital-recrute-decouvrez-24-postes-a-pourvoir-immediatement/
Agma : Postulez Maintenant Pour Devenir Technico-Commercial Dans Le Secteur De L’Assurance !,https://www.je-recrute.com/agma-postulez-maintenant-pour-devenir-technico-commercial-dans-le-secteur-de-lassurance/
35 Opportunités De Carrière Passionnantes Chez Capgemini Engineering Maroc : Trouvez Votre Prochain Défi !,https://www.je-recrute.com/35-opportunites-de-carriere-passionnantes-chez-capgemini-engineering-maroc-trouvez-votre-prochain-defi/
Plusieurs Opportunités D’Emploi Passionnantes À Saisir Chez Stellantis,https://www.je-recrute.com/plusieurs-opportunites-demploi-passionnantes-a-saisir-chez-stellantis/
50 Postes À Pourvoir Chez Jacobs Engineering Sa (Jesa) : Rejoignez L’Excellence En Ingénierie !,https://www.je-recrute.com/50-postes-a-pourvoir-chez-jacobs-engineering-sa-jesa-rejoignez-lexcellence-en-ingenierie/
Chu Souss Massa – Concours De Recrutement (361 Postes) Au Titre De L’Année 2024,https://www.je-recrute.com/chu-souss-massa-concours-de-recrutement-361-postes-au-titre-de-lannee-2024/
Um6P Recrute : Plus De 70 Opportunités D’Emploi À Saisir Dans Divers Domaines !,https://www.je-recrute.com/um6p-recrute-plus-de-70-opportunites-demploi-a-saisir-dans-divers-domaines/
(45) Offres D’Emploi Dans Divers Domaines Chez Lear Corporation Maroc,https://www.je-recrute.com/45-offres-demploi-dans-divers-domaines-chez-lear-corporation-maroc/
Auto Hall Maroc Recrute : Plus De 20 Opportunités De Carrière À Saisir !,https://www.je-recrute.com/auto-hall-maroc-recrute-plus-de-20-opportunites-de-carriere-a-saisir/
08 Opportunités D’Emploi À L’Université Internationale De Rabat (Uir) : Rejoignez Une Institution D’Excellence !,https://www.je-recrute.com/08-opportunites-demploi-a-luniversite-internationale-de-rabat-uir-rejoignez-une-institution-dexcellence/
Oncf Recrute En 2025 : Découvrez Les 76 Profils Demandés Au Nouveau Concours,https://www.je-recrute.com/oncf-recrute-en-2025-decouvrez-les-76-profils-demandes-au-nouveau-concours/
La Centrale Automobile Chérifienne Recrute : Plus De 20 Offres D’Emploi À Saisir Dès Maintenant !,https://www.je-recrute.com/la-centrale-automobile-cherifienne-recrute-plus-de-20-offres-demploi-a-saisir-des-maintenant/
Découvrez 63 Opportunités D’Emploi Exceptionnelles Chez Cgi Maroc En 2025,https://www.je-recrute.com/decouvrez-63-opportunites-demploi-exceptionnelles-chez-cgi-maroc-en-2025/
Groupe Akdital Recrute En 2025 : Plus De 50 Offres D’Emploi Disponibles Dans Plusieurs Villes !,https://www.je-recrute.com/groupe-akdital-recrute-en-2025-plus-de-50-offres-demploi-disponibles-dans-plusieurs-villes/
Découvrez Les Concours 2025 Du Ministère De L’Intérieur : Plus De 900 Emplois Disponibles !,https://www.je-recrute.com/decouvrez-les-concours-2025-du-ministere-de-linterieur-plus-de-900-emplois-disponibles/
Concours 2024 : 70 Postes À Pourvoir À La Préfecture De Tanger Assilah (Ministère De L’Intérieur Du Maroc),https://www.je-recrute.com/concours-2024-70-postes-a-pourvoir-a-la-prefecture-de-tanger-assilah-ministere-de-linterieur-du-maroc/
Leyton Maroc Recrute (24) Nouveaux Talents Dans Diverses Spécialités,https://www.je-recrute.com/leyton-maroc-recrute-24-nouveaux-talents-dans-diverses-specialites/
Four Seasons Resort Offre (30) Opportunités D’Emploi Dans Plusieurs Villes,https://www.je-recrute.com/four-seasons-resort-offre-30-opportunites-demploi-dans-plusieurs-villes/
Capgemini Engineering Recrute : Découvrez Les Opportunités D’Emploi Au Maroc !,https://www.je-recrute.com/capgemini-engineering-recrute-decouvrez-les-opportunites-demploi-au-maroc/
Crouzet Recrute : 4 Postes À Pourvoir Pour Booster Votre Carrière !,https://www.je-recrute.com/crouzet-recrute-4-postes-a-pourvoir-pour-booster-votre-carriere/
Rejoignez Cdg Capital : Découvrez Leurs Nouvelles Opportunités D’Emploi,https://www.je-recrute.com/rejoignez-cdg-capital-decouvrez-leurs-nouvelles-opportunites-demploi/
(14450 Postes) – Ministère De L’Éducation Annonce Un Concours Au Titre De L’Année 2024,https://www.je-recrute.com/14450-postes-ministere-de-leducation-annonce-un-concours-au-titre-de-lannee-2024/
Le Ministère De La Justice Lance Un Concours De Recrutement (160 Postes) – 2024,https://www.je-recrute.com/le-ministere-de-la-justice-lance-un-concours-de-recrutement-160-postes-2024/
Centrale Danone Maroc Lance Le Recrutement De (12) Nouveaux Profils,https://www.je-recrute.com/centrale-danone-maroc-lance-le-recrutement-de-12-nouveaux-profils/
Attijariwafa Bank Recrute : 37 Postes À Pourvoir Pour Booster Votre Carrière,https://www.je-recrute.com/attijariwafa-bank-recrute-37-postes-a-pourvoir-pour-booster-votre-carriere/
Ormval Lance Un Concours De Recrutement (20 Postes) – 2024,https://www.je-recrute.com/ormval-lance-un-concours-de-recrutement-20-postes-2024/
Centrale Danone Recrute : Découvrez Nos Offres D’Emploi Exclusives !,https://www.je-recrute.com/centrale-danone-recrute-decouvrez-nos-offres-demploi-exclusives/
Attijariwafa Bank Recrute : Explorez Des Opportunités D’Emploi Dans Divers Domaines !,https://www.je-recrute.com/attijariwafa-bank-recrute-explorez-des-opportunites-demploi-dans-divers-domaines/
Wydad Casablanca Lance Le Recrutement De (02) Postes Importants,https://www.je-recrute.com/wydad-casablanca-lance-le-recrutement-de-02-postes-importants/
Rejoignez Jesa Ocp : 47 Opportunités De Carrière À Saisir Dès Maintenant !,https://www.je-recrute.com/rejoignez-jesa-ocp-47-opportunites-de-carriere-a-saisir-des-maintenant/
Concours Du Conseil Supérieur Du Pouvoir Judiciaire 2025 : 300 Postes D’Attachés De Justice À Saisir,https://www.je-recrute.com/concours-du-conseil-superieur-du-pouvoir-judiciaire-2025-300-postes-dattaches-de-justice-a-saisir/
230+ Opportunités De Carrière Chez Rma : Rejoignez-Nous !,https://www.je-recrute.com/230-opportunites-de-carriere-chez-rma-rejoignez-nous/
L’Office National Des Pêches (Onp) Annonce Un Nouveau Concours 2024,https://www.je-recrute.com/loffice-national-des-peches-onp-annonce-un-nouveau-concours-2024/
Dv Lottery 2025 : Comment S’Inscrire À La Loterie Américaine ?,https://www.je-recrute.com/dv-lottery-2025-comment-sinscrire-a-la-loterie-americaine/
Axa Maroc Recrute : 20 Postes Diversifiés À Pourvoir Dès Maintenant !,https://www.je-recrute.com/axa-maroc-recrute-20-postes-diversifies-a-pourvoir-des-maintenant/
Plusieurs Opportunités D’Emploi Chez Yazaki Morocco,https://www.je-recrute.com/plusieurs-opportunites-demploi-chez-yazaki-morocco/
(+20) Postes En Freelance Chez Homsys Dans Divers Secteurs,https://www.je-recrute.com/20-postes-en-freelance-chez-homsys-dans-divers-secteurs/
Stellantis Recrute En 2025 : 7 Opportunités À Saisir Dès Maintenant !,https://www.je-recrute.com/stellantis-recrute-en-2025-7-opportunites-a-saisir-des-maintenant/
Découvrez 14 Offres D’Emploi Passionnantes Chez Cih Bank : Boostez Votre Carrière Maintenant !,https://www.je-recrute.com/decouvrez-14-offres-demploi-passionnantes-chez-cih-bank-boostez-votre-carriere-maintenant/
Chu Souss Massa Lance Un Concours Au Titre De L’Année 2024 (52 Postes),https://www.je-recrute.com/chu-souss-massa-lance-un-concours-au-titre-de-lannee-2024-52-postes/
Al Barid Bank Recrute En 2025 : Décrochez Votre Opportunité De Carrière !,https://www.je-recrute.com/al-barid-bank-recrute-en-2025-decrochez-votre-opportunite-de-carriere/
Rejoignez L’Um6P : Plus De 30 Postes À Pourvoir Via Concours De Recrutement,https://www.je-recrute.com/rejoignez-lum6p-plus-de-30-postes-a-pourvoir-via-concours-de-recrutement/
Ofppt Recrutement 2024 : Plusieurs Postes Disponibles Actuellement !,https://www.je-recrute.com/ofppt-recrutement-2024-plusieurs-postes-disponibles-actuellement/
Bmce Capital Recrute : 25 Opportunités D’Emploi Et De Stage À Saisir Au Maroc,https://www.je-recrute.com/bmce-capital-recrute-25-opportunites-demploi-et-de-stage-a-saisir-au-maroc/
Rejoignez Safran : Plus De 30 Opportunités De Carrière À Saisir !,https://www.je-recrute.com/rejoignez-safran-plus-de-30-opportunites-de-carriere-a-saisir/
Bank Assafa Offre (28) Opportunités D’Emploi Dans Diverses Spécialités,https://www.je-recrute.com/bank-assafa-offre-28-opportunites-demploi-dans-diverses-specialites/
"Volontariat Pour La Fifa – Coupe Du Monde 2026 – Usa, Canada Et Mexique",https://www.je-recrute.com/volontariat-pour-la-fifa-coupe-du-monde-2026-usa-canada-et-mexique/
Um6P Recrute : Explorez Plus De 50 Offres D’Emploi Exceptionnelles,https://www.je-recrute.com/um6p-recrute-explorez-plus-de-50-offres-demploi-exceptionnelles/
Sogea Maroc Recrute : 23 Postes À Pourvoir Dans Plusieurs Villes Du Maroc,https://www.je-recrute.com/sogea-maroc-recrute-23-postes-a-pourvoir-dans-plusieurs-villes-du-maroc/
Concours Ministère De La Santé 2024 : 114 Postes À Saisir Au Chuir De Casablanca !,https://www.je-recrute.com/concours-ministere-de-la-sante-2024-114-postes-a-saisir-au-chuir-de-casablanca/
Al Barid Bank Lance Une Campagne De Recrutement Dans Plusieures Villes,https://www.je-recrute.com/al-barid-bank-lance-une-campagne-de-recrutement-dans-plusieures-villes/
Inwi Recrute : 50 Opportunités D’Emploi À Saisir Dans Plusieurs Villes !,https://www.je-recrute.com/inwi-recrute-50-opportunites-demploi-a-saisir-dans-plusieurs-villes/
Bank Al Maghrib Recrute (19 Profils) Au Titre De L’Année 2024,https://www.je-recrute.com/bank-al-maghrib-recrute-19-profils-au-titre-de-lannee-2024/
Rejoignez L’Um6P : Plus De 70 Offres D’Emploi À Pourvoir Maintenant !,https://www.je-recrute.com/rejoignez-lum6p-plus-de-70-offres-demploi-a-pourvoir-maintenant/
Concours Narsa 2024 : 32 Postes À Saisir Pour Rejoindre Une Équipe D’Excellence,https://www.je-recrute.com/concours-narsa-2024-32-postes-a-saisir-pour-rejoindre-une-equipe-dexcellence/
Nestlé Canada Recrute : 30 Opportunités D’Emploi À Pourvoir Dans Plusieurs Spécialités !,https://www.je-recrute.com/nestle-canada-recrute-30-opportunites-demploi-a-pourvoir-dans-plusieurs-specialites/
Eiffage Recrute En France : 30 Opportunités D’Emploi À Saisir Dès Maintenant !,https://www.je-recrute.com/eiffage-recrute-en-france-30-opportunites-demploi-a-saisir-des-maintenant/
La Dgsn  Organise Un Concours 2024 (6477) Postes,https://www.je-recrute.com/la-dgsn-organise-un-concours-2024-6477-postes/
Atlas On Line Groupe Ram Lance Un Concours Au Titre De L’Année 2024,https://www.je-recrute.com/atlas-on-line-groupe-ram-lance-un-concours-au-titre-de-lannee-2024/
Concours Ofppt 2024 : 116 Opportunités De Carrière À Saisir !,https://www.je-recrute.com/concours-ofppt-2024-116-opportunites-de-carriere-a-saisir/
Capgemini Engineering 2024 Lance Le Recrutement De (34) Nouveaux Talents,https://www.je-recrute.com/capgemini-engineering-2024-lance-le-recrutement-de-34-nouveaux-talents/
Eaton Lance Le Recrutement De (12) Nouveaux Talents Dans Divers Domaines,https://www.je-recrute.com/eaton-lance-le-recrutement-de-12-nouveaux-talents-dans-divers-domaines/
Deloitte Maroc Recrute : 60 Offres D’Emploi Et De Stage À Saisir !,https://www.je-recrute.com/deloitte-maroc-recrute-60-offres-demploi-et-de-stage-a-saisir/
Deloitte Maroc : 37 Nouvelles Opportunités De Carrière À Saisir En 2025,https://www.je-recrute.com/deloitte-maroc-37-nouvelles-opportunites-de-carriere-a-saisir-en-2025/
Concours Recrutement 2024 : Rejoignez Barid Al-Maghrib Et Boostez Votre Carrière,https://www.je-recrute.com/concours-recrutement-2024-rejoignez-barid-al-maghrib-et-boostez-votre-carriere/
Mcdonald’S Maroc Offre (17) Opportunités D’Emploi Dans Divers Villes Du Royaume,https://www.je-recrute.com/mcdonalds-maroc-offre-17-opportunites-demploi-dans-divers-villes-du-royaume/
Le Groupe Akdital Offre Plusieurs Opportunités Dans Diverses Spécialités,https://www.je-recrute.com/le-groupe-akdital-offre-plusieurs-opportunites-dans-diverses-specialites/
Concours Cnss 2024: (61) Postes Budgétaires Annoncés,https://www.je-recrute.com/concours-cnss-2024-61-postes-budgetaires-annonces/
Concours Ofppt 2025 : Postulez Maintenant Pour 20 Nouveaux Profils Recherchés !,https://www.je-recrute.com/concours-ofppt-2025-postulez-maintenant-pour-20-nouveaux-profils-recherches/
23 Opportunités D’Emploi Chez Suez Groupe France : Postulez Sans Tarder !,https://www.je-recrute.com/23-opportunites-demploi-chez-suez-groupe-france-postulez-sans-tarder/
"Alten Maroc : Des Opportunités De Carrière Disponibles, Postulez Maintenant !",https://www.je-recrute.com/alten-maroc-des-opportunites-de-carriere-disponibles-postulez-maintenant/
14 Postes À Pourvoir Chez Capgemini Engineering Maroc,https://www.je-recrute.com/14-postes-a-pourvoir-chez-capgemini-engineering-maroc/
Concours 2025 Du Haut Commissariat Au Plan : 46 Opportunités Pour Rejoindre Une Institution D’Excellence,https://www.je-recrute.com/concours-2025-du-haut-commissariat-au-plan-46-opportunites-pour-rejoindre-une-institution-dexcellence/
Lafarge Holcim Recrute De Nouveaux Collaborateurs,https://www.je-recrute.com/lafarge-holcim-recrute-de-nouveaux-collaborateurs/
23 Postes À Pourvoir Chez Bank Al Maghrib : Décrochez Votre Opportunité Professionnelle !,https://www.je-recrute.com/23-postes-a-pourvoir-chez-bank-al-maghrib-decrochez-votre-opportunite-professionnelle/
Alten Maroc Recrute : Plus De 30 Offres D’Emploi Avec Télétravail Disponible !,https://www.je-recrute.com/alten-maroc-recrute-plus-de-30-offres-demploi-avec-teletravail-disponible/
Attijariwafa Bank Offre Plusieurs Opportunités D’Emploi Dans Divers Spécialités,https://www.je-recrute.com/attijariwafa-bank-offre-plusieurs-opportunites-demploi-dans-divers-specialites/
Sogea Maroc Recrute : 3 Postes De Directeur À Pourvoir – Relevez Le Défi !,https://www.je-recrute.com/sogea-maroc-recrute-3-postes-de-directeur-a-pourvoir-relevez-le-defi/
Concours De Recrutement 2024 De La Cour Des Comptes : 24 Postes À Pourvoir,https://www.je-recrute.com/concours-de-recrutement-2024-de-la-cour-des-comptes-24-postes-a-pourvoir/
Attijariwafa Bank Recrute : 39 Opportunités De Carrière À Découvrir !,https://www.je-recrute.com/attijariwafa-bank-recrute-39-opportunites-de-carriere-a-decouvrir/
Sntl Recrute En 2025 : Tout Sur Le Concours Et Les Opportunités À Saisir !,https://www.je-recrute.com/sntl-recrute-en-2025-tout-sur-le-concours-et-les-opportunites-a-saisir/
Candidature Spontanée Au Groupe Ocp : Explorez Des Opportunités Professionnelles Variées,https://www.je-recrute.com/candidature-spontanee-au-groupe-ocp-explorez-des-opportunites-professionnelles-variees/
L’Um6P Recrute : Plus De 100 Offres D’Emploi Pour Bâtir Votre Avenir,https://www.je-recrute.com/lum6p-recrute-plus-de-100-offres-demploi-pour-batir-votre-avenir/
Yazaki Morocco S.A Recrute : 09 Opportunités À Ne Pas Manquer !,https://www.je-recrute.com/yazaki-morocco-s-a-recrute-09-opportunites-a-ne-pas-manquer/
Cih Bank Recrute : Découvrez 40 Offres D’Emploi Dans Divers Domaines !,https://www.je-recrute.com/cih-bank-recrute-decouvrez-40-offres-demploi-dans-divers-domaines/
Découvrez Plus De 30 Offres D’Emploi Chez Safran Maroc : Opportunités À Saisir Dès Maintenant !,https://www.je-recrute.com/decouvrez-plus-de-30-offres-demploi-chez-safran-maroc-opportunites-a-saisir-des-maintenant/
Rejoignez Capgemini Engineering Maroc : Plus De 30 Offres D’Emploi À Saisir En 2025 !,https://www.je-recrute.com/rejoignez-capgemini-engineering-maroc-plus-de-30-offres-demploi-a-saisir-en-2025/
Concours De Recrutement 2024 : 29 Postes Ouverts À L’Université Ibn Zohr,https://www.je-recrute.com/concours-de-recrutement-2024-29-postes-ouverts-a-luniversite-ibn-zohr/
Concours 2024 – 2025 : 10 Postes Ouverts À La Présidence Du Gouvernement Marocain !,https://www.je-recrute.com/concours-2024-2025-10-postes-ouverts-a-la-presidence-du-gouvernement-marocain/
Fgses / Um6P Offre (+17) Opportunités D’Emploi Avec Des Salaires Attractifs,https://www.je-recrute.com/fgses-um6p-offre-17-opportunites-demploi-avec-des-salaires-attractifs/
Akkodis Maroc Recrute : 100 Stages Et 24 Offres D’Emploi À Saisir,https://www.je-recrute.com/akkodis-maroc-recrute-100-stages-et-24-offres-demploi-a-saisir/
Lancez Votre Carrière Avec Les Formations Hse Pour Jeunes Diplômés Chez Jesa Ocp,https://www.je-recrute.com/lancez-votre-carriere-avec-les-formations-hse-pour-jeunes-diplomes-chez-jesa-ocp/
Concours De Recrutement (189 Postes) 2024 – Ministère De L’Agriculture,https://www.je-recrute.com/concours-de-recrutement-189-postes-2024-ministere-de-lagriculture/
Alten Maroc Recrute : 19 Offres D’Emploi À Saisir Dès Maintenant !,https://www.je-recrute.com/alten-maroc-recrute-19-offres-demploi-a-saisir-des-maintenant/
Concours Ofppt 2024 : 282 Opportunités De Carrière À Saisir,https://www.je-recrute.com/concours-ofppt-2024-282-opportunites-de-carriere-a-saisir/
Candidature Spontanée À Timar Maroc : Ouvrez Les Portes De Votre Avenir Professionnel !,https://www.je-recrute.com/candidature-spontanee-a-timar-maroc-ouvrez-les-portes-de-votre-avenir-professionnel/
Anapec 2025 : Saisissez Plus De 1400 Opportunités De Carrière Prometteuses,https://www.je-recrute.com/anapec-2025-saisissez-plus-de-1400-opportunites-de-carriere-prometteuses/
Rejoignez Atlas On Line : 30 Postes De Chargés De Clientèle Bilingues Et 2 Stages Exclusifs Disponibles !,https://www.je-recrute.com/rejoignez-atlas-on-line-30-postes-de-charges-de-clientele-bilingues-et-2-stages-exclusifs-disponibles/
L’Université Mohammed Vi Polytechnique Lance Une Campagne De Recrutement – (+80) Postes,https://www.je-recrute.com/luniversite-mohammed-vi-polytechnique-lance-une-campagne-de-recrutement-80-postes/
Opportunités D’Emploi Chez Cgi Maroc : Découvrez Les Postes À Pourvoir !,https://www.je-recrute.com/opportunites-demploi-chez-cgi-maroc-decouvrez-les-postes-a-pourvoir/
Concours Cnss 2025 : 60 Postes À Pourvoir – Candidatez Dès Maintenant !,https://www.je-recrute.com/concours-cnss-2025-60-postes-a-pourvoir-candidatez-des-maintenant/
442 Postes À Gagner : Participez Au Concours 2025 Du Ministère De L’Éducation Nationale !,https://www.je-recrute.com/442-postes-a-gagner-participez-au-concours-2025-du-ministere-de-leducation-nationale/
09 Offres D’Emploi À L’Université Internationale De Rabat (Uir) – Postulez Maintenant !,https://www.je-recrute.com/09-offres-demploi-a-luniversite-internationale-de-rabat-uir-postulez-maintenant/
Plus De 150 Offres D’Emploi Chez Axa : Saisissez Votre Chance !,https://www.je-recrute.com/plus-de-150-offres-demploi-chez-axa-saisissez-votre-chance/
Attijariwafa Bank Recrute : Plus De 20 Postes À Pourvoir – Décrochez Votre Opportunité !,https://www.je-recrute.com/attijariwafa-bank-recrute-plus-de-20-postes-a-pourvoir-decrochez-votre-opportunite/
Axa Services Maroc Recrute : +70 Opportunités À Saisir Dans Plusieurs Villes,https://www.je-recrute.com/axa-services-maroc-recrute-70-opportunites-a-saisir-dans-plusieurs-villes/
Leyton Offre Des Opportunités D’Emploi,https://www.je-recrute.com/leyton-offre-des-opportunites-demploi/
Recrutement 2024 : Saisissez Votre Chance Et Rejoignez Le Groupe Cdg Pour Une Carrière D’Avenir,https://www.je-recrute.com/recrutement-2024-saisissez-votre-chance-et-rejoignez-le-groupe-cdg-pour-une-carriere-davenir/
Auto Hall Maroc Recrute En 2025 : Envoyez Votre Candidature Spontanée Dès Aujourd’Hui !,https://www.je-recrute.com/auto-hall-maroc-recrute-en-2025-envoyez-votre-candidature-spontanee-des-aujourdhui/
Deloitte Maroc Recrute : 42 Postes À Pourvoir – Postulez Dès Aujourd’Hui !,https://www.je-recrute.com/deloitte-maroc-recrute-42-postes-a-pourvoir-postulez-des-aujourdhui/
Concours 2024 – Ministère De La Solidarité Offre (26 Postes),https://www.je-recrute.com/concours-2024-ministere-de-la-solidarite-offre-26-postes/
Opportunités De Carrière Chez Apm Terminals Maroc : Postulez Dès Maintenant !,https://www.je-recrute.com/opportunites-de-carriere-chez-apm-terminals-maroc-postulez-des-maintenant/
Ikea Maroc Recrute : Découvrez Les Opportunités De Carrière À Ne Pas Manquer !,https://www.je-recrute.com/ikea-maroc-recrute-decouvrez-les-opportunites-de-carriere-a-ne-pas-manquer/
