Job Title,Job Link,Job Location
In280225989742,http://anapec.org/sigec-app-rv/fr/entreprises/bloc_offre_home/989742/display,Inezgane Ait Melloul
Be280225989775,http://anapec.org/sigec-app-rv/fr/entreprises/bloc_offre_home/989775/display,Beni Mellal
Ke280225989770,http://anapec.org/sigec-app-rv/fr/entreprises/bloc_offre_home/989770/display,Kenitra
Ou280225989603,http://anapec.org/sigec-app-rv/fr/entreprises/bloc_offre_home/989603/display,Ouarzazate
Ou280225989722,http://anapec.org/sigec-app-rv/fr/entreprises/bloc_offre_home/989722/display,Ouarzazate
Fe280225989744,http://anapec.org/sigec-app-rv/fr/entreprises/bloc_offre_home/989744/display,Fes
El280225989790,http://anapec.org/sigec-app-rv/fr/entreprises/bloc_offre_home/989790/display,El Jadida
Na280225989642,http://anapec.org/sigec-app-rv/fr/entreprises/bloc_offre_home/989642/display,Nador
In280225989739,http://anapec.org/sigec-app-rv/fr/entreprises/bloc_offre_home/989739/display,Inezgane Ait Melloul
Intagr02/25-989786,http://anapec.org/sigec-app-rv/fr/entreprises/bloc_offre_home/989786/display,International
No280225989651,http://anapec.org/sigec-app-rv/fr/entreprises/bloc_offre_home/989651/display,Casa-Nouacer
Be280225989760,http://anapec.org/sigec-app-rv/fr/entreprises/bloc_offre_home/989760/display,Beni Mellal
Da280225989682,http://anapec.org/sigec-app-rv/fr/entreprises/bloc_offre_home/989682/display,Ouad Eddahab
Za280225989802,http://anapec.org/sigec-app-rv/fr/entreprises/bloc_offre_home/989802/display,Zagora
Be280225989821,http://anapec.org/sigec-app-rv/fr/entreprises/bloc_offre_home/989821/display,Casa-Al Fida Derb Sultan
