Job Title,Job Link
Lear Corporation Maroc Recrute : 11 Offres D’Emploi À Ne Pas Manquer !,https://www.je-recrute.com/lear-corporation-maroc-recrute-11-offres-demploi-a-ne-pas-manquer/
Um6P Recrute : Plus De 70 Opportunités D’Emploi À Saisir Dans Divers Domaines !,https://www.je-recrute.com/um6p-recrute-plus-de-70-opportunites-demploi-a-saisir-dans-divers-domaines/
Découvrez Plus De 30 Offres D’Emploi Chez Safran Maroc : Opportunités À Saisir Dès Maintenant !,https://www.je-recrute.com/decouvrez-plus-de-30-offres-demploi-chez-safran-maroc-opportunites-a-saisir-des-maintenant/
Al Barid Bank Recrute En 2025 : Speed Hiring Pour Conseillers Clientèle Et Guichetiers Partout Au Maroc !,https://www.je-recrute.com/al-barid-bank-recrute-en-2025-speed-hiring-pour-conseillers-clientele-et-guichetiers-partout-au-maroc/
Auto Hall Maroc Recrute En 2025 : Envoyez Votre Candidature Spontanée Dès Aujourd’Hui !,https://www.je-recrute.com/auto-hall-maroc-recrute-en-2025-envoyez-votre-candidature-spontanee-des-aujourdhui/
Stellantis Recrute : 32 Offres D’Emploi À Pourvoir Dès Maintenant !,https://www.je-recrute.com/stellantis-recrute-32-offres-demploi-a-pourvoir-des-maintenant/
Cih Bank Recrute : De Nombreuses Opportunités À Saisir Dès Maintenant !,https://www.je-recrute.com/cih-bank-recrute-de-nombreuses-opportunites-a-saisir-des-maintenant/
La Centrale Automobile Chérifienne Recrute : Plus De 20 Offres D’Emploi À Saisir Dès Maintenant !,https://www.je-recrute.com/la-centrale-automobile-cherifienne-recrute-plus-de-20-offres-demploi-a-saisir-des-maintenant/
60 Offres D’Emploi Chez Jesa Ocp : Saisissez Votre Chance Dès Maintenant !,https://www.je-recrute.com/60-offres-demploi-chez-jesa-ocp-saisissez-votre-chance-des-maintenant/
Concours 2025 : 206 Postes À Pourvoir À La Présidence Du Ministère Public – Postulez Maintenant !,https://www.je-recrute.com/concours-2025-206-postes-a-pourvoir-a-la-presidence-du-ministere-public-postulez-maintenant/
Orange Business Maroc Recrute : Plus De 10 Offres D’Emploi À Saisir Dès Maintenant !,https://www.je-recrute.com/orange-business-maroc-recrute-plus-de-10-offres-demploi-a-saisir-des-maintenant/
Rio Tinto Canada Recrute : 45 Opportunités De Carrière À Saisir !,https://www.je-recrute.com/rio-tinto-canada-recrute-45-opportunites-de-carriere-a-saisir/
Rejoignez L’Uir : 10 Opportunités De Carrière À Saisir À L’Université Internationale De Rabat !,https://www.je-recrute.com/rejoignez-luir-10-opportunites-de-carriere-a-saisir-a-luniversite-internationale-de-rabat/
تاريخ تغيير الساعة الإضافية في المغرب 2025,https://www.je-recrute.com/%d8%aa%d8%a7%d8%b1%d9%8a%d8%ae-%d8%aa%d8%ba%d9%8a%d9%8a%d8%b1-%d8%a7%d9%84%d8%b3%d8%a7%d8%b9%d8%a9-%d8%a7%d9%84%d8%a5%d8%b6%d8%a7%d9%81%d9%8a%d8%a9-%d9%81%d9%8a-%d8%a7%d9%84%d9%85%d8%ba%d8%b1%d8%a8-20/
Anapec 2025 : Plus De 3 500 Offres D’Emploi À Saisir Dès Maintenant !,https://www.je-recrute.com/anapec-2025-plus-de-3-500-offres-demploi-a-saisir-des-maintenant/
23 Postes À Pourvoir Chez Bank Al Maghrib : Décrochez Votre Opportunité Professionnelle !,https://www.je-recrute.com/23-postes-a-pourvoir-chez-bank-al-maghrib-decrochez-votre-opportunite-professionnelle/
35 Opportunités De Carrière Passionnantes Chez Capgemini Engineering Maroc : Trouvez Votre Prochain Défi !,https://www.je-recrute.com/35-opportunites-de-carriere-passionnantes-chez-capgemini-engineering-maroc-trouvez-votre-prochain-defi/
Groupe Akdital Recrute En 2025 : Plus De 50 Offres D’Emploi Disponibles Dans Plusieurs Villes !,https://www.je-recrute.com/groupe-akdital-recrute-en-2025-plus-de-50-offres-demploi-disponibles-dans-plusieurs-villes/
